"Message","ID","CycleTime","DLC","Signal","StartBit","Length","Endianess","Signed","Factor","Offset","Min","Max","Unit","Enum (ValueTable)","Initial Value"
"METER_1A6","0x1a6",10.0,8,"METER_SW_STATUS_VSA_OFF_1A6",4,1,"big_endian",False,1.0,0.0,0.0,1.0,"","1: VSA-Off Switch On",0
"METER_1A6","0x1a6",10.0,8,"METER_SW_STATUS_BRAKE_FLUID_1A6",3,1,"big_endian",False,1.0,0.0,0.0,1.0,"","1: ブレーキフルード レベル スイッチ オン",0
"METER_1A6","0x1a6",10.0,8,"METER_SW_STATUS_PARK_BRAKE_1A6",2,1,"big_endian",False,1.0,0.0,0.0,1.0,"","1: Parking brake switch on",0
"METER_1A6","0x1a6",10.0,8,"METER_RL_STATUS_1A6",18,1,"big_endian",False,1.0,0.0,0.0,1.0,"","",0
"METER_1A6","0x1a6",10.0,8,"METER_ALIVE_COUNTER_1A6",61,2,"big_endian",False,1.0,0.0,0.0,3.0,"","",0
"METER_1A6","0x1a6",10.0,8,"METER_CHECKSUM_1A6",59,4,"big_endian",False,1.0,0.0,0.0,15.0,"","",0
"METER_374","0x374",100.0,7,"METER_OUTTEMP",7,8,"big_endian",False,1.0,0.0,0.0,255.0,"","",0
"METER_374","0x374",100.0,7,"METER_ALIVE_COUNTER_374",53,2,"big_endian",False,1.0,0.0,0.0,3.0,"","",0
"METER_374","0x374",100.0,7,"METER_CHECKSUM_374",51,4,"big_endian",False,1.0,0.0,0.0,15.0,"","",0
"VSA_590","0x590","",5,"VSA_DTC_HIGH_BYTE",7,8,"big_endian",False,1.0,0.0,0.0,255.0,"","",""
"VSA_590","0x590","",5,"VSA_DTC_LOW_BYTE",15,8,"big_endian",False,1.0,0.0,0.0,255.0,"","",""
"VSA_590","0x590","",5,"VSA_DTC_FTB",23,8,"big_endian",False,1.0,0.0,0.0,255.0,"","",""
"VSA_590","0x590","",5,"VSA_FTB_STATUS_BIT",26,1,"big_endian",False,1.0,0.0,0.0,1.0,"","",""
"VSA_590","0x590","",5,"VSA_DTC_STORAGE_STATUS",25,1,"big_endian",False,1.0,0.0,0.0,1.0,"","1: DTC Stored(History or Current); 0: DTC Not Stored",""
"VSA_590","0x590","",5,"VSA_DTC_SYSTEM_DESIGNATOR_BIT",24,1,"big_endian",False,1.0,0.0,0.0,1.0,"","",""
"VSA_590","0x590","",5,"VSA_ALIVE_COUNTER_590",37,2,"big_endian",False,1.0,0.0,0.0,3.0,"","",""
"VSA_590","0x590","",5,"VSA_CHECKSUM_590",35,4,"big_endian",False,1.0,0.0,0.0,15.0,"","",""
"METER_295","0x295",40.0,4,"METER_DWS_INIT_REQ",13,1,"big_endian",False,1.0,0.0,0.0,1.0,"","",0
"METER_295","0x295",40.0,4,"METER_DWS_INIT_REQ_SW",12,1,"big_endian",False,1.0,0.0,0.0,1.0,"","",0
"METER_295","0x295",40.0,4,"METER_ALIVE_COUNTER_295",29,2,"big_endian",False,1.0,0.0,0.0,3.0,"","",0
"METER_295","0x295",40.0,4,"METER_CHECKSUM_295",27,4,"big_endian",False,1.0,0.0,0.0,15.0,"","",0
"METER_294","0x294",40.0,8,"METER_ODO_DATA",31,24,"big_endian",False,1.0,0.0,0.0,16777215.0,"km","",0
"METER_294","0x294",40.0,8,"METER_ALIVE_COUNTER_294",61,2,"big_endian",False,1.0,0.0,0.0,3.0,"","",0
"METER_294","0x294",40.0,8,"METER_CHECKSUM_294",59,4,"big_endian",False,1.0,0.0,0.0,15.0,"","",0
"VSA_1AA","0x1aa",20.0,8,"VSA_REQ_TRQ_1AA",7,16,"big_endian",True,0.2,0.0,-6553.6,6553.4,"Nm","",0.0
"VSA_1AA","0x1aa",20.0,8,"VSA_TRQ_DOWN_REQ_FUEL_CUT_1AA",23,4,"big_endian",False,1.0,0.0,0.0,15.0,"","2: 全気筒F/C＋点火リタード; 1: Ignition retard; 0: 燃料/点火制御無し(THL制御のみ)","燃料/点火制御無し(THL制御のみ)"
"VSA_1AA","0x1aa",20.0,8,"VSA_SHIFT_REQ_1AA",19,2,"big_endian",False,1.0,0.0,0.0,3.0,"","3: Shift DOWN Request; 2: シフトUP要求; 1: Shift hold request; 0: VSAからのシフト制御要求無し(EATオリジナル制御)","VSAからのシフト制御要求無し(EATオリジナル制御)"
"VSA_1AA","0x1aa",20.0,8,"VSA_TRQ_CONTROL_MODE_1AA",17,2,"big_endian",False,1.0,0.0,0.0,3.0,"","3: VSA/TCS prohibited (VSA failure); 2: 加速制御要求(エンジン制御が必要な場合にこの値をSETする); 1: MSR Control Request; 0: VSA/TCS非制御中(ノーマル)","VSA/TCS非制御中(ノーマル)"
"VSA_1AA","0x1aa",20.0,8,"VSA_REQ_MSR_PLUS_TRQ_1AA",62,1,"big_endian",False,1.0,0.0,0.0,1.0,"","1: Requesting a positive torque",0
"VSA_1AA","0x1aa",20.0,8,"VSA_ALIVE_COUNTER_1AA",61,2,"big_endian",False,1.0,0.0,0.0,3.0,"","",0
"VSA_1AA","0x1aa",20.0,8,"VSA_CHECKSUM_1AA",59,4,"big_endian",False,1.0,0.0,0.0,15.0,"","",0
"ACC_1FA","0x1fa","",8,"ACC_TARGET_CALIPER_PRESSURE_FL",7,10,"big_endian",False,12.5,0.0,0.0,12787.5,"kPa","",12750.0
"ACC_1FA","0x1fa","",8,"ACC_EPB_ACT_REQ",13,1,"big_endian",False,1.0,0.0,0.0,1.0,"","",""
"ACC_1FA","0x1fa","",8,"ACC_TARGET_MOT_LEVEL",10,3,"big_endian",False,1.0,0.0,0.0,7.0,"","",""
"ACC_1FA","0x1fa","",8,"ACC_STATUS_FAIL_CVRS_BRAKE",19,1,"big_endian",False,1.0,0.0,0.0,1.0,"","",""
"ACC_1FA","0x1fa","",8,"ACC_STATUS_FAIL_ACC",18,1,"big_endian",False,1.0,0.0,0.0,1.0,"","",""
"ACC_1FA","0x1fa","",8,"ACC_STATUS_REQ_CVRS_BRAKE",17,1,"big_endian",False,1.0,0.0,0.0,1.0,"","",""
"ACC_1FA","0x1fa","",8,"ACC_STATUS_REQ_ACC_BRAKE",16,1,"big_endian",False,1.0,0.0,0.0,1.0,"","",""
"ACC_1FA","0x1fa","",8,"ACC_REWRITE_START",30,1,"big_endian",False,1.0,0.0,0.0,1.0,"","",""
"ACC_1FA","0x1fa","",8,"ACC_LSF_BHOLD_ACT",35,1,"big_endian",False,1.0,0.0,0.0,1.0,"","",""
"ACC_1FA","0x1fa","",8,"ACC_TARGET_CALIPER_PRESSURE_FR",55,10,"big_endian",False,12.5,0.0,0.0,12787.5,"kPa","",12750.0
"ACC_1FA","0x1fa","",8,"ACC_ALIVE_COUNTER_1FA",61,2,"big_endian",False,1.0,0.0,0.0,3.0,"","",""
"ACC_1FA","0x1fa","",8,"ACC_CHECKSUM_1FA",59,4,"big_endian",False,1.0,0.0,0.0,15.0,"","",""
"ENG_13C","0x13c",10.0,8,"ENG_ENG_TRQ_13C",7,16,"big_endian",True,0.2,0.0,-6553.6,6553.4,"Nm","",""
"ENG_13C","0x13c",10.0,8,"ENG_DRIVER_REQ_TRQ_13C",23,16,"big_endian",True,0.2,0.0,-6553.6,6553.4,"Nm","",""
"ENG_13C","0x13c",10.0,8,"ENG_SMART_ACCELE_PEDAL_POS_13C",39,8,"big_endian",False,0.39215686275,0.0,0.0,100.0,"%","",0.0
"ENG_13C","0x13c",10.0,8,"ENG_VSA_REFUSED_VSA_CONTROL_13C",47,1,"big_endian",False,1.0,0.0,0.0,1.0,"","1: VSA制御を拒絶する故障発生中",0
"ENG_13C","0x13c",10.0,8,"ENG_VSA_INHIBIT_VSA_CONTROL_13C",46,1,"big_endian",False,1.0,0.0,0.0,1.0,"","1: Temporary VSA F/C control stop",0
"ENG_13C","0x13c",10.0,8,"ENG_VSA_PERMIT_PLUS_TRQ_13C",45,1,"big_endian",False,1.0,0.0,0.0,1.0,"","1: プラストルク許可中",0
"ENG_13C","0x13c",10.0,8,"ENG_VSA_ACK1_13C",43,4,"big_endian",False,1.0,0.0,0.0,15.0,"","2: All cylinder F/C; 1: 点火リタード; 0: No fuel/ignition control (THL control only)","燃料/点火制御無し(THL制御のみ)"
"ENG_13C","0x13c",10.0,8,"ENG_CLUTCH_SW_CC_13C",50,1,"big_endian",False,1.0,0.0,0.0,1.0,"","0: クラッチペダルが踏まれている時（SWがOFF）; 1: クラッチペダルが踏まれていない時（SWがON）","クラッチペダルが踏まれていない時（SWがON）"
"ENG_13C","0x13c",10.0,8,"ENG_SHFT_IN_REVERSE_13C",49,1,"big_endian",False,1.0,0.0,0.0,1.0,"","",1
"ENG_13C","0x13c",10.0,8,"ENG_RECEIVE_ERROR_1AA",63,1,"big_endian",False,1.0,0.0,0.0,1.0,"","1: 受信エラーあり",0
"ENG_13C","0x13c",10.0,8,"ENG_ALIVE_COUNTER_13C",61,2,"big_endian",False,1.0,0.0,0.0,3.0,"","",0
"ENG_13C","0x13c",10.0,8,"ENG_CHECKSUM_13C",59,4,"big_endian",False,1.0,0.0,0.0,15.0,"","",0
"VSA_3D9","0x3d9",200.0,3,"VSA_VSA_OFF_STATUS_EDR",7,1,"big_endian",False,1.0,0.0,0.0,1.0,"","1: VSA OFF 中",0
"VSA_3D9","0x3d9",200.0,3,"VSA_STABILITY_CTRL_ACT_EDR",1,1,"big_endian",False,1.0,0.0,0.0,1.0,"","1: STABILITY CONTROL作動中",0
"VSA_3D9","0x3d9",200.0,3,"VSA_ABS_ACT_EDR",0,1,"big_endian",False,1.0,0.0,0.0,1.0,"","1: ABS作動中",0
"VSA_3D9","0x3d9",200.0,3,"VSA_VSA_EQUIPPED_EDR",15,1,"big_endian",False,1.0,0.0,0.0,1.0,"","1: VSA装備あり; 0: VSA装備なし(ABS装備)","VSA装備なし(ABS装備)"
"VSA_3D9","0x3d9",200.0,3,"VSA_STABILITY_CTRL2_DISABLE_EDR",11,1,"big_endian",False,1.0,0.0,0.0,1.0,"","1: STABILITY CONTROL2制御のうち、少なくとも１つ禁止しているとき; 0: STABILITY CONTROL2制御のうち、すべて禁止していないとき","STABILITY CONTROL2制御のうち、すべて禁止していないとき"
"VSA_3D9","0x3d9",200.0,3,"VSA_STABILITY_CTRL1_DISABLE_EDR",10,1,"big_endian",False,1.0,0.0,0.0,1.0,"","1: STABILITY CONTROL1制御のうち、少なくとも１つ禁止しているとき; 0: STABILITY CONTROL1制御のうち、すべて禁止していないとき","STABILITY CONTROL1制御のうち、すべて禁止していないとき"
"VSA_3D9","0x3d9",200.0,3,"VSA_ABS_DISABLE_EDR",8,1,"big_endian",False,1.0,0.0,0.0,1.0,"","1: ABS故障中",0
"VSA_3D9","0x3d9",200.0,3,"VSA_ALIVE_COUNTER_3D9",21,2,"big_endian",False,1.0,0.0,0.0,3.0,"","",0
"VSA_3D9","0x3d9",200.0,3,"VSA_CHECKSUM_3D9",19,4,"big_endian",False,1.0,0.0,0.0,15.0,"","",0
"HDS_18DBEFF1","0x18dbeff1","",8,"HDS_HDC_CAN",7,64,"big_endian",False,1.0,0.0,0.0,1.8446744074e+19,"","",0
"ENG_328","0x328",100.0,8,"ENG_STRNNEND",47,1,"big_endian",False,1.0,0.0,0.0,1.0,"","1: 完爆状態",0
"ENG_328","0x328",100.0,8,"ENG_ALIVE_COUNTER_328",61,2,"big_endian",False,1.0,0.0,0.0,3.0,"","",0
"ENG_328","0x328",100.0,8,"ENG_CHECKSUM_328",59,4,"big_endian",False,1.0,0.0,0.0,15.0,"","",0
"ENG_324","0x324",100.0,8,"ENG_SW_STATUS_SCS",48,1,"big_endian",False,1.0,0.0,0.0,1.0,"","1: SCSスイッチオン",0
"ENG_324","0x324",100.0,8,"ENG_EM_TEST_MODE_ENABLE",62,1,"big_endian",False,1.0,0.0,0.0,1.0,"","",""
"ENG_324","0x324",100.0,8,"ENG_ALIVE_COUNTER_324",61,2,"big_endian",False,1.0,0.0,0.0,3.0,"","",0
"ENG_324","0x324",100.0,8,"ENG_CHECKSUM_324",59,4,"big_endian",False,1.0,0.0,0.0,15.0,"","",0
"SS30_1D8","0x1d8",20.0,3,"SS30_STATUS_FAIL",7,1,"big_endian",False,1.0,0.0,0.0,1.0,"","1: SS30故障",0
"SS30_1D8","0x1d8",20.0,3,"SS30_REQ_BRAKEHOLD",6,1,"big_endian",False,1.0,0.0,0.0,1.0,"","1: ブレーキ保持要求",0
"SS30_1D8","0x1d8",20.0,3,"SS30_REQ_BRAKE",5,1,"big_endian",False,1.0,0.0,0.0,1.0,"","1: 減速要求",0
"SS30_1D8","0x1d8",20.0,3,"SS30_REQ_PREBRAKE",4,1,"big_endian",False,1.0,0.0,0.0,1.0,"","1: 予圧要求",0
"SS30_1D8","0x1d8",20.0,3,"SS30_SYSTEM_ACT",3,1,"big_endian",False,1.0,0.0,0.0,1.0,"","",0
"SS30_1D8","0x1d8",20.0,3,"SS30_TARGET_DECELERATION",2,11,"big_endian",True,0.01,0.0,-10.24,10.23,"m/s2","",-10.24
"SS30_1D8","0x1d8",20.0,3,"SS30_ALIVE_COUNTER_1D8",21,2,"big_endian",False,1.0,0.0,0.0,3.0,"","",0
"SS30_1D8","0x1d8",20.0,3,"SS30_CHECKSUM_1D8",19,4,"big_endian",False,1.0,0.0,0.0,15.0,"","",0
"METER_164","0x164",10.0,8,"METER_SW_STATUS_VSA_OFF",4,1,"big_endian",False,1.0,0.0,0.0,1.0,"","1: VSA-オフ スイッチ オン  ",0
"METER_164","0x164",10.0,8,"METER_SW_STATUS_BRAKE_FLUID",3,1,"big_endian",False,1.0,0.0,0.0,1.0,"","1: ブレーキフルード レベル スイッチ オン",0
"METER_164","0x164",10.0,8,"METER_SW_STATUS_PARK_BRAKE",2,1,"big_endian",False,1.0,0.0,0.0,1.0,"","1: パーキングブレーキ スイッチ オン",0
"METER_164","0x164",10.0,8,"METER_ALIVE_COUNTER_164",61,2,"big_endian",False,1.0,0.0,0.0,3.0,"","",0
"METER_164","0x164",10.0,8,"METER_CHECKSUM_164",59,4,"big_endian",False,1.0,0.0,0.0,15.0,"","",0
"CVT_191","0x191",10.0,8,"CVT_SHFT_IN_L",5,1,"big_endian",False,1.0,0.0,0.0,1.0,"","1: 'L'",0
"CVT_191","0x191",10.0,8,"CVT_SHFT_IN_S",4,1,"big_endian",False,1.0,0.0,0.0,1.0,"","1: 'S'",0
"CVT_191","0x191",10.0,8,"CVT_SHFT_IN_D",3,1,"big_endian",False,1.0,0.0,0.0,1.0,"","1: 'D'",0
"CVT_191","0x191",10.0,8,"CVT_SHFT_IN_NEUTRAL",2,1,"big_endian",False,1.0,0.0,0.0,1.0,"","1: ニュートラル",0
"CVT_191","0x191",10.0,8,"CVT_SHFT_IN_REVERSE",1,1,"big_endian",False,1.0,0.0,0.0,1.0,"","1: リバース",0
"CVT_191","0x191",10.0,8,"CVT_SHFT_IN_PARKING",0,1,"big_endian",False,1.0,0.0,0.0,1.0,"","1: パーキング",0
"CVT_191","0x191",10.0,8,"CVT_GEAR_POSITION_IND_CVT",15,4,"big_endian",False,1.0,0.0,0.0,15.0,"","15: Lレンジ制御中; 8: 8th; 7: 7th; 6: 6th; 5: 5th; 4: 4th; 3: 3rd; 2: 2nd; 1: 1st; 0: オフ","オフ"
"CVT_191","0x191",10.0,8,"CVT_REFUSE_VSA_CONTROL",22,1,"big_endian",False,1.0,0.0,0.0,1.0,"","1: VSA制御を拒絶するCVT故障発生中",0
"CVT_191","0x191",10.0,8,"CVT_RATIO_INFO_191",31,8,"big_endian",False,0.015625,0.0,0.0,3.984375,"","",1.0
"CVT_191","0x191",10.0,8,"CVT_RATIO_TARGET",39,8,"big_endian",False,0.015625,0.0,0.0,3.984375,"","",1.0
"CVT_191","0x191",10.0,8,"CVT_CAS_ON",63,1,"big_endian",False,1.0,0.0,0.0,1.0,"","1: VSAへのCAS_ON要求",0
"CVT_191","0x191",10.0,8,"CVT_ALIVE_COUNTER_191",61,2,"big_endian",False,1.0,0.0,0.0,3.0,"","",0
"CVT_191","0x191",10.0,8,"CVT_CHECKSUM_191",59,4,"big_endian",False,1.0,0.0,0.0,15.0,"","",0
"ENG_17C","0x17c",10.0,8,"ENG_ENG_SPEED",23,16,"big_endian",False,1.0,0.0,0.0,65535.0,"rpm","",0
"ENG_17C","0x17c",10.0,8,"ENG_CRUISE_STATUS_CRUISE_LMP",35,1,"big_endian",False,1.0,0.0,0.0,1.0,"","1: クルーズ制御ランプ点灯",0
"ENG_17C","0x17c",10.0,8,"ENG_SW_STATUS_BRAKE_NO",32,1,"big_endian",False,1.0,0.0,0.0,1.0,"","",0
"ENG_17C","0x17c",10.0,8,"ENG_IS_PROGRESS",47,1,"big_endian",False,1.0,0.0,0.0,1.0,"","1: アイドルストップ制御開始および進行中を示す",0
"ENG_17C","0x17c",10.0,8,"ENG_IS_PRE_RESTART",46,1,"big_endian",False,1.0,0.0,0.0,1.0,"","1: アイドルストップ復帰予告を示す",0
"ENG_17C","0x17c",10.0,8,"ENG_IS_PRE_PROGRESS",45,1,"big_endian",False,1.0,0.0,0.0,1.0,"","1: From the preview for the idol stop to the preview for return to the idol stop",0
"ENG_17C","0x17c",10.0,8,"ENG_ALIVE_COUNTER_17C",61,2,"big_endian",False,1.0,0.0,0.0,3.0,"","",0
"ENG_17C","0x17c",10.0,8,"ENG_CHECKSUM_17C",59,4,"big_endian",False,1.0,0.0,0.0,15.0,"","",0
"STR_156","0x156",10.0,6,"STR_ANGLE",7,16,"big_endian",True,0.1,0.0,-3276.8,3276.7,"deg","32767: 故障時（Invalid）; 7560: +756[deg]; 0: 0[deg]; 57976: -756[deg]","0[deg]"
"STR_156","0x156",10.0,6,"STR_CAL",33,1,"big_endian",False,1.0,0.0,0.0,1.0,"","",1
"STR_156","0x156",10.0,6,"STR_OK",32,1,"big_endian",False,1.0,0.0,0.0,1.0,"","",1
"STR_156","0x156",10.0,6,"STR_ALIVE_COUNTER_156",45,2,"big_endian",False,1.0,0.0,0.0,3.0,"","",0
"STR_156","0x156",10.0,6,"STR_CHECKSUM_156",43,4,"big_endian",False,1.0,0.0,0.0,15.0,"","",0
"ENG_130","0x130",10.0,8,"ENG_ENG_TRQ_130",7,16,"big_endian",True,1.0,0.0,-32768.0,32767.0,"Nm","",32767
"ENG_130","0x130",10.0,8,"ENG_DRIVER_REQ_TRQ_130",23,16,"big_endian",True,1.0,0.0,-32768.0,32767.0,"Nm","",32767
"ENG_130","0x130",10.0,8,"ENG_SMART_ACCELE_PEDAL_POSITION",39,8,"big_endian",False,0.39215686275,0.0,0.0,100.0,"%","",0.0
"ENG_130","0x130",10.0,8,"ENG_VSA_REFUSED_VSA_CONTROL",47,1,"big_endian",False,1.0,0.0,0.0,1.0,"","1: Failure to reject VSA control is occurring",0
"ENG_130","0x130",10.0,8,"ENG_VSA_INHIBIT_VSA_CONTROL",46,1,"big_endian",False,1.0,0.0,0.0,1.0,"","1: 一時的なVSA F/C制御停止",0
"ENG_130","0x130",10.0,8,"ENG_VSA_PERMIT_PLUS_TRQ",45,1,"big_endian",False,1.0,0.0,0.0,1.0,"","1: プラストルク許可中",0
"ENG_130","0x130",10.0,8,"ENG_VSA_ACK1",43,4,"big_endian",False,1.0,0.0,0.0,15.0,"","2: 全気筒F/C; 1: 点火リタード; 0: 燃料/点火制御無し(THL制御のみ)","燃料/点火制御無し(THL制御のみ)"
"ENG_130","0x130",10.0,8,"ENG_CLUTCH_SW_CC",50,1,"big_endian",False,1.0,0.0,0.0,1.0,"","0: クラッチペダルが踏まれている時（SWがOFF）; 1: クラッチペダルが踏まれていない時（SWがON）","クラッチペダルが踏まれていない時（SWがON）"
"ENG_130","0x130",10.0,8,"ENG_SHFT_IN_REVERSE",49,1,"big_endian",False,1.0,0.0,0.0,1.0,"","",1
"ENG_130","0x130",10.0,8,"ENG_SHFT_IN_NEUTRAL",48,1,"big_endian",False,1.0,0.0,0.0,1.0,"","1: シフトレバーがNEUTRALの位置にあるとき",0
"ENG_130","0x130",10.0,8,"ENG_RECEIVE_ERROR_1AC",63,1,"big_endian",False,1.0,0.0,0.0,1.0,"","1: 受信エラーあり",0
"ENG_130","0x130",10.0,8,"ENG_NEUTRAL_SENSOR_FAIL",62,1,"big_endian",False,1.0,0.0,0.0,1.0,"","1: NEUTRAL SENSOR FAIL",0
"ENG_130","0x130",10.0,8,"ENG_ALIVE_COUNTER_130",61,2,"big_endian",False,1.0,0.0,0.0,3.0,"","",0
"ENG_130","0x130",10.0,8,"ENG_CHECKSUM_130",59,4,"big_endian",False,1.0,0.0,0.0,15.0,"","",0
"VSA_78E","0x78e","",8,"VSA_COMMAND_CODE",7,8,"big_endian",False,1.0,0.0,0.0,255.0,"","5: Reset of the Calibration; 3: Calibration",0
"VSA_78E","0x78e","",8,"VSA_ALIVE_COUNTER_78E",61,2,"big_endian",False,1.0,0.0,0.0,3.0,"","",0
"VSA_78E","0x78e","",8,"VSA_CHECKSUM_78E",59,4,"big_endian",False,1.0,0.0,0.0,15.0,"","",0
"VSA_406","0x406",300.0,5,"VSA_DTC_HIGH",7,8,"big_endian",False,1.0,0.0,0.0,255.0,"","",0
"VSA_406","0x406",300.0,5,"VSA_DTC_LOW",15,8,"big_endian",False,1.0,0.0,0.0,255.0,"","",0
"VSA_406","0x406",300.0,5,"VSA_DTC_STORAGE",25,1,"big_endian",False,1.0,0.0,0.0,1.0,"","1: 格納; 0: 未格納","未格納"
"VSA_406","0x406",300.0,5,"VSA_SPECIFY_CODE_SYS",24,1,"big_endian",False,1.0,0.0,0.0,1.0,"","1: HMコード; 0: SAE Code","HMコード"
"VSA_406","0x406",300.0,5,"VSA_ALIVE_COUNTER_406",37,2,"big_endian",False,1.0,0.0,0.0,3.0,"","",0
"VSA_406","0x406",300.0,5,"VSA_CHECKSUM_406",35,4,"big_endian",False,1.0,0.0,0.0,15.0,"","",0
"VSA_255","0x255",40.0,8,"VSA_ABS_FL_WHEEL_SPEED_255",7,8,"big_endian",False,1.0,0.0,0.0,255.0,"km/h","",250
"VSA_255","0x255",40.0,8,"VSA_ABS_FR_WHEEL_SPEED_255",15,8,"big_endian",False,1.0,0.0,0.0,255.0,"km/h","",250
"VSA_255","0x255",40.0,8,"VSA_ABS_RL_WHEEL_SPEED_255",23,8,"big_endian",False,1.0,0.0,0.0,255.0,"km/h","",250
"VSA_255","0x255",40.0,8,"VSA_ABS_RR_WHEEL_SPEED_255",31,8,"big_endian",False,1.0,0.0,0.0,255.0,"km/h","",250
"VSA_255","0x255",40.0,8,"VSA_ABS_SPEED_FIXED_NUMBER1",39,8,"big_endian",False,1.0,0.0,0.0,255.0,"","",85
"VSA_255","0x255",40.0,8,"VSA_ABS_SPEED_FIXED_NUMBER2",47,8,"big_endian",False,1.0,0.0,0.0,255.0,"","",85
"VSA_255","0x255",40.0,8,"VSA_ABS_ALIVE_COUNTER_255",55,8,"big_endian",False,1.0,0.0,0.0,255.0,"","",0
"VSA_255","0x255",40.0,8,"VSA_ABS_CHECKSUM_255",63,8,"big_endian",False,1.0,0.0,0.0,255.0,"","",0
"VSA_1EA","0x1ea",20.0,8,"VSA_MAEPS_US_VALUE",7,16,"big_endian",True,0.0038146972656,0.0,-125.0,124.9961853,"deg/s","",0.0
"VSA_1EA","0x1ea",20.0,8,"VSA_MAEPS_GX_VALUE",23,16,"big_endian",True,0.00015258789063,0.0,-5.0,4.9998474121,"G","",0.0
"VSA_1EA","0x1ea",20.0,8,"VSA_MAEPS_MYU_VALUE",39,16,"big_endian",True,3.90625e-05,0.0,-1.28,1.2799609375,"","",0.0
"VSA_1EA","0x1ea",20.0,8,"VSA_SYSTEM_F",50,1,"big_endian",False,1.0,0.0,0.0,1.0,"","1: VSAｼｽﾃﾑ故障",0
"VSA_1EA","0x1ea",20.0,8,"VSA_MAEPS_REVERSE_F",48,1,"big_endian",False,1.0,0.0,0.0,1.0,"","1: Reverse status",0
"VSA_1EA","0x1ea",20.0,8,"VSA_ALIVE_COUNTER_1EA",61,2,"big_endian",False,1.0,0.0,0.0,3.0,"","",0
"VSA_1EA","0x1ea",20.0,8,"VSA_CHECKSUM_1EA",59,4,"big_endian",False,1.0,0.0,0.0,15.0,"","",0
"VSA_1E7","0x1e7","",4,"VSA_CALIPPER_PRESSURE_FL",7,10,"big_endian",False,23.96,-2443.92,-2443.92,22067.16,"kPa","",0.0
"VSA_1E7","0x1e7","",4,"VSA_FAIL_CALIPPER_PRESSURE_FL",13,1,"big_endian",False,1.0,0.0,0.0,1.0,"","1: キャリパ圧センサFL異常",0
"VSA_1E7","0x1e7","",4,"VSA_INHBIT_CALIPPER_PRESSURE_FL",12,1,"big_endian",False,1.0,0.0,0.0,1.0,"","1: Caliper pressure sensor FL normal not confirmed",0
"VSA_1E7","0x1e7","",4,"VSA_FAIL_CALIPPER_PRESSURE_FR",11,1,"big_endian",False,1.0,0.0,0.0,1.0,"","1: キャリパ圧センサFR異常",0
"VSA_1E7","0x1e7","",4,"VSA_INHBIT_CALIPPER_PRESSURE_FR",10,1,"big_endian",False,1.0,0.0,0.0,1.0,"","1: キャリパ圧センサFR正常未確定",0
"VSA_1E7","0x1e7","",4,"VSA_CALIPPER_PRESSURE_FR",9,10,"big_endian",False,23.96,-2443.92,-2443.92,22067.16,"kPa","",0.0
"VSA_1E7","0x1e7","",4,"VSA_HSA_STATUS_ACT_1E7",31,1,"big_endian",False,1.0,0.0,0.0,1.0,"","1: 作動中; 0: Not working","非作動中"
"VSA_1E7","0x1e7","",4,"VSA_ALIVE_COUNTER_1E7",29,2,"big_endian",False,1.0,0.0,0.0,3.0,"","",0
"VSA_1E7","0x1e7","",4,"VSA_CHECKSUM_1E7",27,4,"big_endian",False,1.0,0.0,0.0,15.0,"","",0
"VSA_1D0","0x1d0",20.0,8,"VSA_ABS_FL_WHEEL_SPEED",7,15,"big_endian",False,0.01,0.0,0.0,327.67,"km/h","",0.0
"VSA_1D0","0x1d0",20.0,8,"VSA_ABS_FR_WHEEL_SPEED",8,15,"big_endian",False,0.01,0.0,0.0,327.67,"km/h","",0.0
"VSA_1D0","0x1d0",20.0,8,"VSA_ABS_RL_WHEEL_SPEED",25,15,"big_endian",False,0.01,0.0,0.0,327.67,"km/h","",0.0
"VSA_1D0","0x1d0",20.0,8,"VSA_ABS_RR_WHEEL_SPEED",42,15,"big_endian",False,0.01,0.0,0.0,327.67,"km/h","",0.0
"VSA_1D0","0x1d0",20.0,8,"VSA_ABS_CHECKSUM_1D0",59,4,"big_endian",False,1.0,0.0,0.0,15.0,"","",0
"VSA_1B0","0x1b0",20.0,7,"VSA_SS30_BRAKE_ACT",7,1,"big_endian",False,1.0,0.0,0.0,1.0,"","1: SS30ブレーキ作動中",0
"VSA_1B0","0x1b0",20.0,7,"VSA_FAIL_BRAKERELAY",6,1,"big_endian",False,1.0,0.0,0.0,1.0,"","1: BRAKE relay failure",0
"VSA_1B0","0x1b0",20.0,7,"VSA_INHIBIT_BRAKERELAY",5,1,"big_endian",False,1.0,0.0,0.0,1.0,"","1: Brakelamprelay temporary disable",0
"VSA_1B0","0x1b0",20.0,7,"VSA_FAIL_LAT_G_SENSOR",3,1,"big_endian",False,1.0,0.0,0.0,1.0,"","1: Lateral G sensor failed",0
"VSA_1B0","0x1b0",20.0,7,"VSA_INHBIT_LAT_G_SENSOR",1,1,"big_endian",False,1.0,0.0,0.0,1.0,"","1: LatG sen normalisnotyetconfirm",0
"VSA_1B0","0x1b0",20.0,7,"VSA_ACT_BRAKERELAY",0,1,"big_endian",False,1.0,0.0,0.0,1.0,"","1: VSA unit activates the BLA",0
"VSA_1B0","0x1b0",20.0,7,"VSA_ABS_VW_SENSOR_START_UP",15,1,"big_endian",False,1.0,0.0,0.0,1.0,"","",0
"VSA_1B0","0x1b0",20.0,7,"VSA_INHBIT_YAW_RATE_SENSOR",14,1,"big_endian",False,1.0,0.0,0.0,1.0,"-","1: ヨーレートセンサ正常未確定; 0: ヨーレートセンサ正常確定","ヨーレートセンサ正常確定"
"VSA_1B0","0x1b0",20.0,7,"VSA_INHBIT_STEERING_SENSOR",13,1,"big_endian",False,1.0,0.0,0.0,1.0,"","1: 舵角センサ正常未確定",0
"VSA_1B0","0x1b0",20.0,7,"VSA_VW_PULSE_CAPTURED",12,1,"big_endian",False,1.0,0.0,0.0,1.0,"","1: 車輪速パルスあり",0
"VSA_1B0","0x1b0",20.0,7,"VSA_ACC_REFUSE_CVRS_BRAKE",11,1,"big_endian",False,1.0,0.0,0.0,1.0,"","1: CVRSブレーキを拒絶する故障が発生","CVRSブレーキを拒絶する故障が発生"
"VSA_1B0","0x1b0",20.0,7,"VSA_ACC_INHIBIT_CVRS_BRAKE",10,1,"big_endian",False,1.0,0.0,0.0,1.0,"","1: CVRSブレーキ一時禁止","CVRSブレーキ一時禁止"
"VSA_1B0","0x1b0",20.0,7,"VSA_ACC_REFUSE_ACC_BRAKE",9,1,"big_endian",False,1.0,0.0,0.0,1.0,"","",0
"VSA_1B0","0x1b0",20.0,7,"VSA_ACC_INHIBIT_ACC_BRAKE",8,1,"big_endian",False,1.0,0.0,0.0,1.0,"","",0
"VSA_1B0","0x1b0",20.0,7,"VSA_STEERING_ANGLE",23,16,"big_endian",True,1.0,0.0,-32768.0,32767.0,"deg","",0
"VSA_1B0","0x1b0",20.0,7,"VSA_ABS_INHBIT_VW_SENSOR",39,1,"big_endian",False,1.0,0.0,0.0,1.0,"","1: 車輪速センサ正常未確定",0
"VSA_1B0","0x1b0",20.0,7,"VSA_ABS_FAIL_RL_VW_SENSOR",38,1,"big_endian",False,1.0,0.0,0.0,1.0,"","1: 車輪速センサRL輪異常",0
"VSA_1B0","0x1b0",20.0,7,"VSA_ABS_FAIL_RR_VW_SENSOR",37,1,"big_endian",False,1.0,0.0,0.0,1.0,"","1: 車輪速センサRR輪異常",0
"VSA_1B0","0x1b0",20.0,7,"VSA_ABS_FAIL_FL_VW_SENSOR",36,1,"big_endian",False,1.0,0.0,0.0,1.0,"","1: 車輪速センサFL輪異常",0
"VSA_1B0","0x1b0",20.0,7,"VSA_ABS_FAIL_FR_VW_SENSOR",35,1,"big_endian",False,1.0,0.0,0.0,1.0,"","1: 車輪速センサFR輪異常",0
"VSA_1B0","0x1b0",20.0,7,"VSA_FAIL_MC_PRESSURE_SENSOR_1B0",34,1,"big_endian",False,1.0,0.0,0.0,1.0,"","1: M/C圧センサ異常",0
"VSA_1B0","0x1b0",20.0,7,"VSA_FAIL_YAW_RATE_SENSOR",33,1,"big_endian",False,1.0,0.0,0.0,1.0,"","1: ヨーレイトセンサ異常",0
"VSA_1B0","0x1b0",20.0,7,"VSA_FAIL_STEERING_SENSOR",32,1,"big_endian",False,1.0,0.0,0.0,1.0,"","1: 舵角センサ異常",0
"VSA_1B0","0x1b0",20.0,7,"VSA_ABS_STATUS_RL_ABS_EBD_ACT",47,1,"big_endian",False,1.0,0.0,0.0,1.0,"","1: RL輪ABS、EBD作動中",0
"VSA_1B0","0x1b0",20.0,7,"VSA_ABS_STATUS_RR_ABS_EBD_ACT",46,1,"big_endian",False,1.0,0.0,0.0,1.0,"","1: RR輪ABS、EBD作動中",0
"VSA_1B0","0x1b0",20.0,7,"VSA_ABS_STATUS_FL_ABS_EBD_ACT",45,1,"big_endian",False,1.0,0.0,0.0,1.0,"","1: FL輪ABS、EBD作動中",0
"VSA_1B0","0x1b0",20.0,7,"VSA_ABS_STATUS_FR_ABS_EBD_ACT",44,1,"big_endian",False,1.0,0.0,0.0,1.0,"","1: FR輪ABS、EBD作動中",0
"VSA_1B0","0x1b0",20.0,7,"VSA_CONTROL_MODE_CVT",43,2,"big_endian",False,1.0,0.0,0.0,3.0,"","3: 予備; 2: 予備; 1: TCS作動中; 0: VSA制御可能状態","VSA制御可能状態"
"VSA_1B0","0x1b0",20.0,7,"VSA_REQ_CVT_PRS",41,1,"big_endian",False,1.0,0.0,0.0,1.0,"","1: 加圧中",0
"VSA_1B0","0x1b0",20.0,7,"VSA_REQ_CVT_TCS",40,1,"big_endian",False,1.0,0.0,0.0,1.0,"","1: TCS作動許可状態",0
"VSA_1B0","0x1b0",20.0,7,"VSA_ALIVE_COUNTER_1B0",53,2,"big_endian",False,1.0,0.0,0.0,3.0,"","",0
"VSA_1B0","0x1b0",20.0,7,"VSA_CHECKSUM_1B0",51,4,"big_endian",False,1.0,0.0,0.0,15.0,"","",0
"VSA_1AC","0x1ac",20.0,8,"VSA_REQ_TRQ_1AC",7,16,"big_endian",True,1.0,0.0,-32768.0,32767.0,"Nm","",32767
"VSA_1AC","0x1ac",20.0,8,"VSA_TRQ_DOWN_REQ_FUEL_CUT",23,4,"big_endian",False,1.0,0.0,0.0,15.0,"","2: 全気筒F/C＋点火リタード; 1: 点火リタード; 0: 燃料/点火制御無し(THL制御のみ)","燃料/点火制御無し(THL制御のみ)"
"VSA_1AC","0x1ac",20.0,8,"VSA_SHIFT_REQ_1AC",19,2,"big_endian",False,1.0,0.0,0.0,3.0,"","3: シフトDOWN要求; 2: シフトUP要求; 1: シフトホールド要求; 0: VSAからのシフト制御要求無し(EATオリジナル制御)","VSAからのシフト制御要求無し(EATオリジナル制御)"
"VSA_1AC","0x1ac",20.0,8,"VSA_TRQ_CONTROL_MODE",17,2,"big_endian",False,1.0,0.0,0.0,3.0,"","3: VSA/TCS禁止（VSA故障）; 2: 加速制御要求(エンジン制御が必要な場合にこの値をSETする); 1: MSR制御要求; 0: VSA/TCS非制御中(ノーマル)","VSA/TCS非制御中(ノーマル)"
"VSA_1AC","0x1ac",20.0,8,"VSA_IS_SHIFT_INHIBIT_REQUEST",47,1,"big_endian",False,1.0,0.0,0.0,1.0,"","1: アイドルストップ移行禁止要求中; 0: 通常時","通常時"
"VSA_1AC","0x1ac",20.0,8,"VSA_REQ_MSR_PLUS_TRQ",62,1,"big_endian",False,1.0,0.0,0.0,1.0,"","1: プラストルク要求中",0
"VSA_1AC","0x1ac",20.0,8,"VSA_ALIVE_COUNTER_1AC",61,2,"big_endian",False,1.0,0.0,0.0,3.0,"","",0
"VSA_1AC","0x1ac",20.0,8,"VSA_CHECKSUM_1AC",59,4,"big_endian",False,1.0,0.0,0.0,15.0,"","",0
"VSA_1A4","0x1a4",20.0,8,"VSA_ESS_ACT1",7,1,"big_endian",False,1.0,0.0,0.0,1.0,"","1: 減速度によるESS作動開始許可; 0: 減速度によるESS作動開始禁止","減速度によるESS作動開始禁止"
"VSA_1A4","0x1a4",20.0,8,"VSA_ESS_ACT2",6,1,"big_endian",False,1.0,0.0,0.0,1.0,"","1: 減速度によるESS作動継続許可; 0: 減速度によるESS作動継続禁止","減速度によるESS作動継続禁止"
"VSA_1A4","0x1a4",20.0,8,"VSA_INHBIT_MC_PRESSURE_SENSOR",5,1,"big_endian",False,1.0,0.0,0.0,1.0,"","1: マスタ圧センサ正常未確定",0
"VSA_1A4","0x1a4",20.0,8,"VSA_FAIL_MC_PRESSURE_SENSOR",4,1,"big_endian",False,1.0,0.0,0.0,1.0,"","1: マスタ圧センサ異常",0
"VSA_1A4","0x1a4",20.0,8,"VSA_MASTER_CYLINDER_PRESSURE",3,12,"big_endian",False,23.96,-2443.92,-2443.92,95672.28,"kPa","921: 19623.24kPa; 102: 0kPa",95672.28
"VSA_1A4","0x1a4",20.0,8,"VSA_ACC_BRAKE_ACT",23,1,"big_endian",False,1.0,0.0,0.0,1.0,"","",0
"VSA_1A4","0x1a4",20.0,8,"VSA_BA_ACT",22,1,"big_endian",False,1.0,0.0,0.0,1.0,"","1: BA作動中",0
"VSA_1A4","0x1a4",20.0,8,"VSA_CAS_ACT",21,1,"big_endian",False,1.0,0.0,0.0,1.0,"","1: CAS is in operation",0
"VSA_1A4","0x1a4",20.0,8,"VSA_CASEN",20,1,"big_endian",False,1.0,0.0,0.0,1.0,"","1: CAS作動許可",0
"VSA_1A4","0x1a4",20.0,8,"VSA_ABS_EBD_MIL",19,1,"big_endian",False,1.0,0.0,0.0,1.0,"","1: ABS and EBD are in failure",0
"VSA_1A4","0x1a4",20.0,8,"VSA_VSA_TCS_MIL",18,1,"big_endian",False,1.0,0.0,0.0,1.0,"","1: VSA,TCS故障中",0
"VSA_1A4","0x1a4",20.0,8,"VSA_ABS_EBD_ACT",17,1,"big_endian",False,1.0,0.0,0.0,1.0,"","1: ABS and EBD are in operation",0
"VSA_1A4","0x1a4",20.0,8,"VSA_VSA_TCS_ACT",16,1,"big_endian",False,1.0,0.0,0.0,1.0,"","1: VSA,TCS作動中",0
"VSA_1A4","0x1a4",20.0,8,"VSA_WARN_STATUS_BRAKE",31,1,"big_endian",False,1.0,0.0,0.0,1.0,"","1: BRAKE ウォーニングランプ点灯","BRAKE ウォーニングランプ点灯"
"VSA_1A4","0x1a4",20.0,8,"VSA_WARN_STATUS_ABS",30,1,"big_endian",False,1.0,0.0,0.0,1.0,"","1: ABS ウォーニングランプ点灯","ABS ウォーニングランプ点灯"
"VSA_1A4","0x1a4",20.0,8,"VSA_WARN_STATUS_VSA",29,1,"big_endian",False,1.0,0.0,0.0,1.0,"","1: VSA Warning Lamp lit","VSA ウォーニングランプ点灯"
"VSA_1A4","0x1a4",20.0,8,"VSA_LAMP_STATUS_VSA_OFF",28,1,"big_endian",False,1.0,0.0,0.0,1.0,"","1: VSA　OFFﾗﾝﾌﾟ点灯","VSA　OFFﾗﾝﾌﾟ点灯"
"VSA_1A4","0x1a4",20.0,8,"VSA_MID_REQUEST_VSA",27,1,"big_endian",False,1.0,0.0,0.0,1.0,"","1: VSA MID enlargement warning display permission",0
"VSA_1A4","0x1a4",20.0,8,"VSA_WARN_STATUS_DWS",26,1,"big_endian",False,1.0,0.0,0.0,1.0,"","",0
"VSA_1A4","0x1a4",20.0,8,"VSA_WARN_STATUS_PUNCTURE",25,1,"big_endian",False,1.0,0.0,0.0,1.0,"","",0
"VSA_1A4","0x1a4",20.0,8,"VSA_ANSWER_DWS_INIT_REQ",24,1,"big_endian",False,1.0,0.0,0.0,1.0,"","",0
"VSA_1A4","0x1a4",20.0,8,"VSA_BUZZER_STATUS",35,1,"big_endian",False,1.0,0.0,0.0,1.0,"","1: ブザーオン; 0: ブザーオフ","ブザーオフ"
"VSA_1A4","0x1a4",20.0,8,"VSA_REWRITE_START",34,1,"big_endian",False,1.0,0.0,0.0,1.0,"","1: VSA市場書換開始",0
"VSA_1A4","0x1a4",20.0,8,"VSA_L_MODE_ABS_EBD",32,1,"big_endian",False,1.0,0.0,0.0,1.0,"","1: ABS, EBD L-MODE in progress",0
"VSA_1A4","0x1a4",20.0,8,"VSA_ESS_ACT3",51,1,"big_endian",False,1.0,0.0,0.0,1.0,"","1: ABSﾌﾙｻｲｸﾘﾝｸﾞによるESS作動開始許可; 0: No start of ESS operation using ABS full cycling","ABSﾌﾙｻｲｸﾘﾝｸﾞによるESS作動開始禁止"
"VSA_1A4","0x1a4",20.0,8,"VSA_ESS_ACT4",50,1,"big_endian",False,1.0,0.0,0.0,1.0,"","1: ABSﾌﾙｻｲｸﾘﾝｸﾞによるESS作動継続許可; 0: ABSﾌﾙｻｲｸﾘﾝｸﾞによるESS作動継続禁止","ABSﾌﾙｻｲｸﾘﾝｸﾞによるESS作動継続禁止"
"VSA_1A4","0x1a4",20.0,8,"VSA_HSA_STATUS_ACT",49,1,"big_endian",False,1.0,0.0,0.0,1.0,"","1: 作動中; 0: Not working","非作動中"
"VSA_1A4","0x1a4",20.0,8,"VSA_WARN_STATUS_HSA",48,1,"big_endian",False,1.0,0.0,0.0,1.0,"","1: HSA warning is illuminated",0
"VSA_1A4","0x1a4",20.0,8,"VSA_VSA_CTRL",63,1,"big_endian",False,1.0,0.0,0.0,1.0,"","1: VSA制御中",0
"VSA_1A4","0x1a4",20.0,8,"VSA_ABS_CTRL",62,1,"big_endian",False,1.0,0.0,0.0,1.0,"","1: ABS制御中",0
"VSA_1A4","0x1a4",20.0,8,"VSA_ALIVE_COUNTER_1A4",61,2,"big_endian",False,1.0,0.0,0.0,3.0,"","",0
"VSA_1A4","0x1a4",20.0,8,"VSA_CHECKSUM_1A4",59,4,"big_endian",False,1.0,0.0,0.0,15.0,"","",0
"VSA_19B","0x19b",10.0,5,"VSA_ABS_FL_WHEEL_PULSE_COUNTER",7,8,"big_endian",False,1.0,0.0,0.0,255.0,"","",0
"VSA_19B","0x19b",10.0,5,"VSA_ABS_FR_WHEEL_PULSE_COUNTER",15,8,"big_endian",False,1.0,0.0,0.0,255.0,"","",0
"VSA_19B","0x19b",10.0,5,"VSA_ABS_RL_WHEEL_PULSE_COUNTER",23,8,"big_endian",False,1.0,0.0,0.0,255.0,"","",0
"VSA_19B","0x19b",10.0,5,"VSA_ABS_RR_WHEEL_PULSE_COUNTER",31,8,"big_endian",False,1.0,0.0,0.0,255.0,"","",0
"VSA_19B","0x19b",10.0,5,"VSA_ALIVE_COUNTER_19B",37,2,"big_endian",False,1.0,0.0,0.0,3.0,"","",0
"VSA_19B","0x19b",10.0,5,"VSA_CHECKSUM_19B",35,4,"big_endian",False,1.0,0.0,0.0,15.0,"","",0
"VSA_091","0x91",10.0,8,"VSA_YAW_1",7,10,"big_endian",False,0.244140625,-125.0,-125.0,124.75585938,"","1023: 125.0 [°/s]; 512: 0 [°/s]; 0: -125.0 [°/s]","0 [°/s]"
"VSA_091","0x91",10.0,8,"VSA_DEGC",13,8,"big_endian",False,1.0,-103.0,-103.0,152.0,"","255: +152 [℃]; 128: +25 [℃]; 0: -103 [℃]",0
"VSA_091","0x91",10.0,8,"VSA_LAT_G",19,10,"big_endian",False,0.047851563,-24.5,-24.5,24.452148949,"","1023: 24.5 [m/s2]; 512: 0 [m/s2]; 0: -24.5 [m/s2]","0 [m/s2]"
"VSA_091","0x91",10.0,8,"VSA_LON_G",25,10,"big_endian",False,0.047851563,-24.5,-24.5,24.452148949,"","1023: 24.5 [m/s2]; 512: 0 [m/s2]; 0: -24.5 [m/s2]","0 [m/s2]"
"VSA_091","0x91",10.0,8,"VSA_T_ERR_YAW1",47,1,"big_endian",False,1.0,0.0,0.0,1.0,"","1: ヨーレート1が保証できない時",0
"VSA_091","0x91",10.0,8,"VSA_T_ERR_DEGC",46,1,"big_endian",False,1.0,0.0,0.0,1.0,"","1: ヨーレート1温度データが保証できない時",0
"VSA_091","0x91",10.0,8,"VSA_T_ERR_LAT_G",45,1,"big_endian",False,1.0,0.0,0.0,1.0,"","1: 横G加速度が保証できない時",0
"VSA_091","0x91",10.0,8,"VSA_T_ERR_LON_G",44,1,"big_endian",False,1.0,0.0,0.0,1.0,"","1: 前後G加速度が保証できない時",0
"VSA_091","0x91",10.0,8,"VSA_P_ERR_YAW1",55,1,"big_endian",False,1.0,0.0,0.0,1.0,"","1: ヨーレート1を故障判定した時",0
"VSA_091","0x91",10.0,8,"VSA_P_ERR_DEGC",54,1,"big_endian",False,1.0,0.0,0.0,1.0,"","1: ヨーレート1温度データを故障判定した時",0
"VSA_091","0x91",10.0,8,"VSA_P_ERR_LAT_G",53,1,"big_endian",False,1.0,0.0,0.0,1.0,"","1: 横G加速度を故障判定した時",0
"VSA_091","0x91",10.0,8,"VSA_P_ERR_LON_G",52,1,"big_endian",False,1.0,0.0,0.0,1.0,"","1: 前後G加速度を故障判定した時",0
"VSA_091","0x91",10.0,8,"VSA_SENSOR_STATE_IG",49,1,"big_endian",False,1.0,0.0,0.0,1.0,"","1: 供給電圧(IG)がセンサの機能/性能を守れない時",0
"VSA_091","0x91",10.0,8,"VSA_SENSOR_ERR_MC",48,1,"big_endian",False,1.0,0.0,0.0,1.0,"","1: マイコン及びそれに関わる診断が故障判定した時",0
"VSA_091","0x91",10.0,8,"VSA_SENSOR_START_UP",63,1,"big_endian",False,1.0,0.0,0.0,1.0,"","1: 起動中(センサ出力が保証できない時)","起動中(センサ出力が保証できない時)"
"VSA_091","0x91",10.0,8,"VSA_ALIVE_COUNTER_091",61,2,"big_endian",False,1.0,0.0,0.0,3.0,"","",0
"VSA_091","0x91",10.0,8,"VSA_CHECKSUM_091",59,4,"big_endian",False,1.0,0.0,0.0,15.0,"","",0
